,0
0,2024-04-17 09:00:00
1,2024-04-17 01:55:00
2,2024-04-17 02:00:00
3,2024-04-17 02:30:00
4,2024-04-17 04:30:00
5,2024-04-17 08:05:00
6,2024-04-17 07:30:00
7,2024-04-17 07:15:00
8,2024-04-17 09:36:00
9,2024-04-17 12:24:00
10,2024-04-17 12:02:00
11,2024-04-17 13:40:00
12,2024-04-17 13:00:00
13,2024-04-17 19:46:00
14,2024-04-17 18:30:00
15,2024-04-17 18:50:00
16,2024-04-17 21:46:00
17,2024-04-17 03:00:00
18,2024-04-17 15:27:00
19,2024-04-17 07:01:00
20,2024-04-17 08:30:00
21,2024-04-17 12:00:00
22,2024-04-17 13:22:00
23,2024-04-17 12:32:00
24,2024-04-17 13:57:00
25,2024-04-17 14:09:00
26,2024-04-17 05:15:00
27,2024-04-17 15:18:00
28,2024-04-17 17:14:00
29,2024-04-17 19:50:00
30,2024-04-17 23:29:00
31,2024-04-17 15:30:00
32,2024-04-17 10:00:00
33,2024-04-17 02:05:00
34,2024-04-17 02:08:00
35,2024-04-17 08:47:00
36,2024-04-17 16:00:00
37,2024-04-17 09:10:00
38,2024-04-17 09:50:00
39,2024-04-17 11:51:00
40,2024-04-17 12:14:00
41,2024-04-17 11:00:00
42,2024-04-17 13:44:00
43,2024-04-17 13:20:00
44,2024-04-17 14:02:00
45,2024-04-17 14:18:00
46,2024-04-17 12:38:00
47,2024-04-17 12:40:00
48,2024-04-17 16:30:00
49,2024-04-17 18:00:00
50,2024-04-17 19:00:00
51,2024-04-17 19:34:00
52,2024-04-17 18:20:00
53,2024-04-17 20:28:00
54,2024-04-17 20:00:00
55,2024-04-17 21:50:00
56,2024-04-17 10:20:00
57,2024-04-17 02:49:00
58,2024-04-17 08:00:00
59,2024-04-17 09:45:00
60,2024-04-17 09:20:00
61,2024-04-17 11:31:00
62,2024-04-17 10:15:00
63,2024-04-17 09:30:00
64,2024-04-17 11:45:00
65,2024-04-17 12:19:00
66,2024-04-17 12:30:00
67,2024-04-17 14:34:00
68,2024-04-17 14:50:00
69,2024-04-17 15:20:00
70,2024-04-17 16:44:00
71,2024-04-17 17:11:00
72,2024-04-17 19:21:00
73,2024-04-17 19:33:00
74,2024-04-17 17:53:00
75,2024-04-17 05:35:00
76,2024-04-17 20:47:00
77,2024-04-17 22:01:00
78,2024-04-17 18:15:00
79,2024-04-17 22:27:00
80,2024-04-17 23:47:00
81,2024-04-17 21:00:00
82,2024-04-17 15:00:00
83,2024-04-17 22:10:00
84,2024-04-17 21:30:00
85,2024-04-17 14:28:00
86,2024-04-17 23:30:00
87,2024-04-17 00:22:00
88,2024-04-17 06:28:00
89,2024-04-17 09:34:00
90,2024-04-17 08:20:00
91,2024-04-17 11:53:00
92,2024-04-17 11:55:00
93,2024-04-17 10:30:00
94,2024-04-17 06:00:00
95,2024-04-17 20:57:00
96,2024-04-17 23:40:00
97,2024-04-17 22:00:00
98,2024-04-17 02:06:00
99,2024-04-17 03:01:00
100,2024-04-17 03:20:00
101,2024-04-17 07:00:00
102,2024-04-17 08:40:00
103,2024-04-17 18:08:00
104,2024-04-17 18:11:00
105,2024-04-17 19:25:00
106,2024-04-17 20:53:00
107,2024-04-17 22:20:00
108,2024-04-17 20:56:00
109,2024-04-17 01:06:00
110,2024-04-17 01:00:00
111,2024-04-17 03:50:00
112,2024-04-17 09:02:00
113,2024-04-17 07:20:00
114,2024-04-17 10:17:00
115,2024-04-17 08:55:00
116,2024-04-17 12:53:00
117,2024-04-17 13:24:00
118,2024-04-17 14:57:00
119,2024-04-17 15:12:00
120,2024-04-17 16:13:00
121,2024-04-17 16:11:00
122,2024-04-17 18:05:00
123,2024-04-17 17:01:00
124,2024-04-17 18:35:00
125,2024-04-17 19:42:00
126,2024-04-17 19:52:00
127,2024-04-17 19:35:00
128,2024-04-17 21:55:00
129,2024-04-17 23:00:00
130,2024-04-17 09:15:00
131,2024-04-17 01:15:00
132,2024-04-17 02:33:00
133,2024-04-17 09:16:00
134,2024-04-17 11:03:00
135,2024-04-17 09:28:00
136,2024-04-17 11:37:00
137,2024-04-17 10:52:00
138,2024-04-17 17:30:00
139,2024-04-17 13:53:00
140,2024-04-17 13:45:00
141,2024-04-17 17:10:00
142,2024-04-17 15:05:00
143,2024-04-17 14:00:00
144,2024-04-17 17:17:00
145,2024-04-17 18:54:00
146,2024-04-17 21:58:00
147,2024-04-17 21:15:00
148,2024-04-17 04:15:00
149,2024-04-17 08:43:00
150,2024-04-17 11:25:00
151,2024-04-17 13:18:00
152,2024-04-17 10:49:00
153,2024-04-17 13:59:00
154,2024-04-17 14:30:00
155,2024-04-17 17:51:00
156,2024-04-17 17:45:00
157,2024-04-17 18:40:00
158,2024-04-17 16:50:00
159,2024-04-17 20:01:00
160,2024-04-17 19:15:00
161,2024-04-17 23:05:00
162,2024-04-17 19:10:00
163,2024-04-17 06:30:00
164,2024-04-17 15:15:00
165,2024-04-17 00:45:00
166,2024-04-17 08:10:00
167,2024-04-17 14:48:00
168,2024-04-17 14:47:00
169,2024-04-17 15:51:00
170,2024-04-17 13:15:00
171,2024-04-17 16:43:00
172,2024-04-17 19:02:00
173,2024-04-17 22:05:00
174,2024-04-17 11:20:00
175,2024-04-17 14:27:00
176,2024-04-17 20:18:00
177,2024-04-17 00:35:00
178,2024-04-17 01:07:00
179,2024-04-17 09:05:00
180,2024-04-17 08:50:00
181,2024-04-17 11:46:00
182,2024-04-17 12:10:00
183,2024-04-17 12:12:00
184,2024-04-17 12:21:00
185,2024-04-17 12:27:00
186,2024-04-17 15:11:00
187,2024-04-17 13:50:00
188,2024-04-17 17:41:00
189,2024-04-17 17:15:00
190,2024-04-17 19:11:00
191,2024-04-17 20:30:00
192,2024-04-17 20:05:00
193,2024-04-17 11:30:00
194,2024-04-17 15:50:00
195,2024-04-17 16:58:00
196,2024-04-17 21:45:00
197,2024-04-17 01:05:00
198,2024-04-17 05:00:00
199,2024-04-17 07:24:00
200,2024-04-17 08:25:00
201,2024-04-17 14:01:00
202,2024-04-17 13:23:00
203,2024-04-17 12:15:00
204,2024-04-17 14:45:00
205,2024-04-17 14:25:00
206,2024-04-17 17:39:00
207,2024-04-17 19:06:00
208,2024-04-17 20:15:00
209,2024-04-17 21:20:00
210,2024-04-17 22:06:00
211,2024-04-17 17:00:00
212,2024-04-17 11:50:00
213,2024-04-17 06:45:00
214,2024-04-17 01:50:00
215,2024-04-17 05:30:00
216,2024-04-17 07:07:00
217,2024-04-17 08:57:00
218,2024-04-17 08:15:00
219,2024-04-17 16:26:00
220,2024-04-17 16:25:00
221,2024-04-17 23:26:00
222,2024-04-17 21:40:00
223,2024-04-17 20:10:00
224,2024-04-17 02:20:00
225,2024-04-17 11:26:00
226,2024-04-17 13:21:00
227,2024-04-17 02:50:00
228,2024-04-17 09:14:00
229,2024-04-17 13:28:00
230,2024-04-17 11:06:00
231,2024-04-17 14:37:00
232,2024-04-17 15:33:00
233,2024-04-17 15:58:00
234,2024-04-17 15:10:00
235,2024-04-17 16:55:00
236,2024-04-17 17:54:00
237,2024-04-17 18:53:00
238,2024-04-17 17:20:00
239,2024-04-17 20:45:00
240,2024-04-17 22:40:00
241,2024-04-17 22:15:00
242,2024-04-17 19:20:00
243,2024-04-17 00:09:00
244,2024-04-17 01:59:00
245,2024-04-17 03:18:00
246,2024-04-17 02:07:00
247,2024-04-17 08:45:00
248,2024-04-17 15:54:00
249,2024-04-17 16:54:00
250,2024-04-17 17:28:00
251,2024-04-17 23:12:00
252,2024-04-17 23:13:00
253,2024-04-17 23:01:00
254,2024-04-17 23:31:00
255,2024-04-17 18:10:00
256,2024-04-17 17:46:00
257,2024-04-17 09:40:00
258,2024-04-17 12:07:00
259,2024-04-17 14:53:00
260,2024-04-17 19:27:00
261,2024-04-17 19:28:00
262,2024-04-17 18:12:00
263,2024-04-17 20:59:00
264,2024-04-17 21:29:00
265,2024-04-17 23:04:00
266,2024-04-17 19:30:00
267,2024-04-17 04:37:00
268,2024-04-17 10:58:00
269,2024-04-17 12:29:00
270,2024-04-17 13:08:00
271,2024-04-17 12:05:00
272,2024-04-17 14:42:00
273,2024-04-17 16:02:00
274,2024-04-17 16:20:00
275,2024-04-17 19:17:00
276,2024-04-17 22:50:00
277,2024-04-17 02:45:00
278,2024-04-17 18:57:00
279,2024-04-17 19:45:00
280,2024-04-17 03:30:00
281,2024-04-17 08:21:00
282,2024-04-17 07:50:00
283,2024-04-17 10:16:00
284,2024-04-17 10:23:00
285,2024-04-17 11:15:00
286,2024-04-17 13:48:00
287,2024-04-17 14:33:00
288,2024-04-17 13:30:00
289,2024-04-17 16:03:00
290,2024-04-17 17:08:00
291,2024-04-17 16:46:00
292,2024-04-17 23:11:00
293,2024-04-17 20:20:00
294,2024-04-17 18:25:00
295,2024-04-17 01:43:00
296,2024-04-17 05:50:00
297,2024-04-17 10:14:00
298,2024-04-17 10:51:00
299,2024-04-17 10:25:00
300,2024-04-17 13:51:00
301,2024-04-17 06:10:00
302,2024-04-17 12:59:00
303,2024-04-17 23:41:00
304,2024-04-17 01:42:00
305,2024-04-17 07:21:00
306,2024-04-17 06:50:00
307,2024-04-17 17:48:00
308,2024-04-17 20:22:00
309,2024-04-17 20:46:00
310,2024-04-17 23:02:00
311,2024-04-17 23:24:00
312,2024-04-17 08:34:00
313,2024-04-17 09:47:00
314,2024-04-17 10:10:00
315,2024-04-17 10:50:00
316,2024-04-17 14:20:00
317,2024-04-17 16:09:00
318,2024-04-17 16:52:00
319,2024-04-17 20:21:00
320,2024-04-17 00:20:00
321,2024-04-17 07:45:00
322,2024-04-17 08:33:00
323,2024-04-17 10:55:00
324,2024-04-17 12:56:00
325,2024-04-17 16:34:00
326,2024-04-17 18:17:00
327,2024-04-17 18:33:00
328,2024-04-17 20:48:00
329,2024-04-17 14:40:00
330,2024-04-17 16:12:00
331,2024-04-17 01:48:00
332,2024-04-17 00:40:00
333,2024-04-17 10:03:00
334,2024-04-17 11:38:00
335,2024-04-17 14:10:00
336,2024-04-17 16:08:00
337,2024-04-17 17:32:00
338,2024-04-17 19:39:00
339,2024-04-17 21:02:00
340,2024-04-17 23:07:00
341,2024-04-17 18:48:00
342,2024-04-17 00:06:00
343,2024-04-17 22:30:00
344,2024-04-17 01:10:00
345,2024-04-17 04:03:00
346,2024-04-17 05:56:00
347,2024-04-17 07:23:00
348,2024-04-17 08:16:00
349,2024-04-17 09:46:00
350,2024-04-17 10:39:00
351,2024-04-17 13:16:00
352,2024-04-17 14:29:00
353,2024-04-17 15:14:00
354,2024-04-17 15:45:00
355,2024-04-17 16:28:00
356,2024-04-17 17:19:00
357,2024-04-17 19:32:00
358,2024-04-17 20:33:00
359,2024-04-17 00:30:00
360,2024-04-17 07:40:00
361,2024-04-17 00:03:00
362,2024-04-17 23:35:00
363,2024-04-17 06:39:00
364,2024-04-17 11:42:00
365,2024-04-17 12:22:00
366,2024-04-17 12:55:00
367,2024-04-17 14:43:00
368,2024-04-17 18:28:00
369,2024-04-17 20:26:00
370,2024-04-17 21:35:00
371,2024-04-17 12:01:00
372,2024-04-17 02:56:00
373,2024-04-17 04:27:00
374,2024-04-17 19:29:00
375,2024-04-17 20:51:00
376,2024-04-17 22:26:00
377,2024-04-17 20:50:00
378,2024-04-17 21:19:00
379,2024-04-17 21:36:00
380,2024-04-17 22:02:00
381,2024-04-17 02:41:00
382,2024-04-17 04:20:00
383,2024-04-17 18:58:00
384,2024-04-17 22:19:00
385,2024-04-17 09:25:00
386,2024-04-17 19:12:00
387,2024-04-17 04:47:00
388,2024-04-17 05:26:00
389,2024-04-17 11:17:00
390,2024-04-17 11:35:00
391,2024-04-17 14:04:00
392,2024-04-17 13:35:00
393,2024-04-17 14:13:00
394,2024-04-17 18:06:00
395,2024-04-17 18:19:00
396,2024-04-17 17:25:00
397,2024-04-17 20:16:00
398,2024-04-17 22:14:00
399,2024-04-17 17:40:00
400,2024-04-17 08:51:00
401,2024-04-17 07:35:00
402,2024-04-17 09:56:00
403,2024-04-17 10:08:00
404,2024-04-17 12:43:00
405,2024-04-17 12:18:00
406,2024-04-17 14:35:00
407,2024-04-17 18:52:00
408,2024-04-17 20:35:00
409,2024-04-17 11:10:00
410,2024-04-17 15:17:00
411,2024-04-17 16:47:00
412,2024-04-17 19:43:00
413,2024-04-17 20:07:00
414,2024-04-17 20:41:00
415,2024-04-17 21:03:00
416,2024-04-17 22:47:00
417,2024-04-17 01:20:00
418,2024-04-17 00:15:00
419,2024-04-17 02:19:00
420,2024-04-17 05:24:00
421,2024-04-17 13:19:00
422,2024-04-17 12:20:00
423,2024-04-17 14:55:00
424,2024-04-17 16:04:00
425,2024-04-17 16:19:00
426,2024-04-17 16:59:00
427,2024-04-17 21:18:00
428,2024-04-17 22:28:00
429,2024-04-17 16:21:00
430,2024-04-17 08:07:00
431,2024-04-17 10:32:00
432,2024-04-17 11:18:00
433,2024-04-17 12:33:00
434,2024-04-17 12:45:00
435,2024-04-17 15:22:00
436,2024-04-17 16:24:00
437,2024-04-17 16:56:00
438,2024-04-17 17:22:00
439,2024-04-17 21:57:00
440,2024-04-17 22:24:00
441,2024-04-17 01:22:00
442,2024-04-17 00:32:00
443,2024-04-17 04:14:00
444,2024-04-17 07:09:00
445,2024-04-17 10:47:00
446,2024-04-17 14:06:00
447,2024-04-17 15:24:00
448,2024-04-17 15:48:00
449,2024-04-17 16:07:00
450,2024-04-17 16:39:00
451,2024-04-17 20:31:00
452,2024-04-17 20:40:00
453,2024-04-17 13:10:00
454,2024-04-17 04:11:00
455,2024-04-17 14:03:00
456,2024-04-17 19:54:00
457,2024-04-17 21:08:00
458,2024-04-17 07:05:00
459,2024-04-17 12:58:00
460,2024-04-17 15:55:00
461,2024-04-17 20:27:00
462,2024-04-17 23:08:00
463,2024-04-17 19:37:00
464,2024-04-17 07:54:00
465,2024-04-17 12:04:00
466,2024-04-17 13:39:00
467,2024-04-17 17:38:00
468,2024-04-17 16:15:00
469,2024-04-17 18:01:00
470,2024-04-17 20:23:00
471,2024-04-17 19:05:00
472,2024-04-17 23:27:00
473,2024-04-17 00:05:00
474,2024-04-17 08:54:00
475,2024-04-17 08:58:00
476,2024-04-17 11:41:00
477,2024-04-17 11:07:00
478,2024-04-17 12:16:00
479,2024-04-17 15:37:00
480,2024-04-17 14:15:00
481,2024-04-17 17:56:00
482,2024-04-17 16:05:00
483,2024-04-17 19:22:00
484,2024-04-17 18:14:00
485,2024-04-17 16:45:00
486,2024-04-17 20:19:00
487,2024-04-17 21:24:00
488,2024-04-17 00:00:00
489,2024-04-17 07:42:00
490,2024-04-17 13:05:00
491,2024-04-17 13:33:00
492,2024-04-17 15:52:00
493,2024-04-17 19:19:00
494,2024-04-17 20:29:00
495,2024-04-17 19:55:00
496,2024-04-17 23:37:00
497,2024-04-17 00:10:00
498,2024-04-17 11:58:00
499,2024-04-17 12:50:00
500,2024-04-17 15:03:00
501,2024-04-17 15:02:00
502,2024-04-17 18:46:00
503,2024-04-17 22:57:00
504,2024-04-17 13:25:00
505,2024-04-17 07:38:00
506,2024-04-17 09:35:00
507,2024-04-17 20:44:00
508,2024-04-17 22:03:00
509,2024-04-17 00:51:00
510,2024-04-17 18:31:00
511,2024-04-17 01:53:00
512,2024-04-17 02:02:00
513,2024-04-17 02:51:00
514,2024-04-17 03:12:00
515,2024-04-17 03:37:00
516,2024-04-17 17:03:00
517,2024-04-17 23:57:00
518,2024-04-17 04:39:00
519,2024-04-17 11:28:00
520,2024-04-17 14:38:00
521,2024-04-17 18:42:00
522,2024-04-17 20:17:00
523,2024-04-17 10:37:00
524,2024-04-17 19:23:00
525,2024-04-17 06:05:00
526,2024-04-17 05:45:00
527,2024-04-17 09:38:00
528,2024-04-17 09:19:00
529,2024-04-17 11:40:00
530,2024-04-17 16:40:00
531,2024-04-17 16:10:00
532,2024-04-17 22:41:00
533,2024-04-17 23:33:00
534,2024-04-17 00:49:00
535,2024-04-17 05:11:00
536,2024-04-17 12:06:00
537,2024-04-17 10:06:00
538,2024-04-17 15:16:00
539,2024-04-17 15:40:00
540,2024-04-17 19:38:00
541,2024-04-17 20:08:00
542,2024-04-17 22:22:00
543,2024-04-17 23:42:00
544,2024-04-17 00:52:00
545,2024-04-17 09:27:00
546,2024-04-17 12:34:00
547,2024-04-17 23:20:00
548,2024-04-17 15:44:00
549,2024-04-17 17:33:00
550,2024-04-17 18:32:00
551,2024-04-17 14:32:00
552,2024-04-17 17:05:00
553,2024-04-17 20:32:00
554,2024-04-17 21:31:00
555,2024-04-17 20:54:00
556,2024-04-17 21:25:00
557,2024-04-17 00:39:00
558,2024-04-17 08:29:00
559,2024-04-17 10:34:00
560,2024-04-17 08:35:00
561,2024-04-17 14:49:00
562,2024-04-17 17:09:00
563,2024-04-17 18:27:00
564,2024-04-17 04:00:00
565,2024-04-17 02:29:00
566,2024-04-17 03:21:00
567,2024-04-17 08:03:00
568,2024-04-17 15:43:00
569,2024-04-17 17:58:00
570,2024-04-17 18:51:00
571,2024-04-17 09:43:00
572,2024-04-17 14:19:00
573,2024-04-17 06:20:00
574,2024-04-17 08:17:00
575,2024-04-17 09:18:00
576,2024-04-17 11:09:00
577,2024-04-17 11:24:00
578,2024-04-17 13:04:00
579,2024-04-17 13:42:00
580,2024-04-17 14:52:00
581,2024-04-17 15:04:00
582,2024-04-17 19:58:00
583,2024-04-17 22:58:00
584,2024-04-17 02:53:00
585,2024-04-17 06:21:00
586,2024-04-17 17:02:00
587,2024-04-17 02:10:00
588,2024-04-17 06:15:00
589,2024-04-17 16:18:00
590,2024-04-17 17:26:00
591,2024-04-17 20:03:00
592,2024-04-17 20:36:00
593,2024-04-17 22:11:00
594,2024-04-17 23:50:00
595,2024-04-17 19:56:00
596,2024-04-17 08:53:00
597,2024-04-17 10:24:00
598,2024-04-17 09:58:00
599,2024-04-17 10:40:00
600,2024-04-17 13:11:00
601,2024-04-17 15:09:00
602,2024-04-17 19:59:00
603,2024-04-17 20:24:00
604,2024-04-17 21:04:00
605,2024-04-17 08:59:00
606,2024-04-17 10:07:00
607,2024-04-17 14:16:00
608,2024-04-17 14:26:00
609,2024-04-17 15:32:00
610,2024-04-17 17:13:00
611,2024-04-17 21:01:00
612,2024-04-17 22:37:00
613,2024-04-17 21:38:00
614,2024-04-17 06:48:00
615,2024-04-17 05:31:00
616,2024-04-17 12:37:00
617,2024-04-17 14:39:00
618,2024-04-17 17:52:00
619,2024-04-17 18:07:00
620,2024-04-17 17:31:00
621,2024-04-17 20:25:00
622,2024-04-17 01:41:00
623,2024-04-17 05:02:00
624,2024-04-17 19:13:00
625,2024-04-17 23:19:00
626,2024-04-17 06:26:00
627,2024-04-17 06:40:00
628,2024-04-17 22:38:00
629,2024-04-17 13:49:00
630,2024-04-17 01:01:00
631,2024-04-17 21:34:00
632,2024-04-17 01:08:00
633,2024-04-17 10:27:00
634,2024-04-17 13:37:00
635,2024-04-17 15:53:00
636,2024-04-17 10:02:00
637,2024-04-17 10:45:00
638,2024-04-17 12:13:00
639,2024-04-17 01:40:00
640,2024-04-17 05:20:00
641,2024-04-17 09:11:00
642,2024-04-17 10:35:00
643,2024-04-17 12:52:00
644,2024-04-17 13:55:00
645,2024-04-17 15:01:00
646,2024-04-17 15:59:00
647,2024-04-17 17:43:00
648,2024-04-17 18:37:00
649,2024-04-17 00:01:00
650,2024-04-17 02:26:00
651,2024-04-17 05:39:00
652,2024-04-17 12:57:00
653,2024-04-17 17:50:00
654,2024-04-17 18:21:00
655,2024-04-17 18:38:00
656,2024-04-17 17:55:00
657,2024-04-17 22:09:00
658,2024-04-17 09:26:00
659,2024-04-17 22:17:00
660,2024-04-17 00:41:00
661,2024-04-17 01:11:00
662,2024-04-17 02:35:00
663,2024-04-17 09:37:00
664,2024-04-17 19:40:00
665,2024-04-17 19:49:00
666,2024-04-17 03:35:00
667,2024-04-17 03:48:00
668,2024-04-17 18:29:00
669,2024-04-17 18:09:00
670,2024-04-17 20:58:00
671,2024-04-17 09:54:00
672,2024-04-17 19:01:00
673,2024-04-17 00:36:00
674,2024-04-17 04:50:00
675,2024-04-17 06:36:00
676,2024-04-17 05:10:00
677,2024-04-17 22:43:00
678,2024-04-17 00:34:00
679,2024-04-17 17:35:00
680,2024-04-17 02:25:00
681,2024-04-17 21:59:00
682,2024-04-17 15:46:00
683,2024-04-17 01:30:00
684,2024-04-17 10:38:00
685,2024-04-17 12:26:00
686,2024-04-17 10:56:00
687,2024-04-17 15:08:00
688,2024-04-17 19:18:00
689,2024-04-17 22:42:00
690,2024-04-17 20:55:00
691,2024-04-17 03:31:00
692,2024-04-17 06:47:00
693,2024-04-17 12:47:00
694,2024-04-17 14:11:00
695,2024-04-17 18:03:00
696,2024-04-17 19:03:00
697,2024-04-17 21:10:00
698,2024-04-17 18:45:00
699,2024-04-17 16:22:00
700,2024-04-17 00:44:00
701,2024-04-17 10:19:00
702,2024-04-17 10:46:00
703,2024-04-17 09:48:00
704,2024-04-17 15:47:00
705,2024-04-17 16:57:00
706,2024-04-17 16:53:00
707,2024-04-17 11:05:00
708,2024-04-17 13:03:00
709,2024-04-17 08:31:00
710,2024-04-17 09:57:00
711,2024-04-17 10:44:00
712,2024-04-17 14:51:00
713,2024-04-17 15:57:00
714,2024-04-17 22:39:00
715,2024-04-17 18:23:00
716,2024-04-17 18:02:00
717,2024-04-17 23:17:00
718,2024-04-17 10:22:00
719,2024-04-17 10:33:00
720,2024-04-17 18:34:00
721,2024-04-17 21:49:00
722,2024-04-17 22:49:00
723,2024-04-17 00:50:00
724,2024-04-17 03:40:00
725,2024-04-17 10:28:00
726,2024-04-17 14:22:00
727,2024-04-17 20:06:00
728,2024-04-17 20:43:00
729,2024-04-17 21:33:00
730,2024-04-17 14:54:00
731,2024-04-17 18:44:00
732,2024-04-17 22:55:00
733,2024-04-17 03:15:00
734,2024-04-17 10:43:00
735,2024-04-17 12:49:00
736,2024-04-17 13:54:00
737,2024-04-17 18:36:00
738,2024-04-17 19:26:00
739,2024-04-17 22:59:00
740,2024-04-17 17:36:00
741,2024-04-17 23:46:00
742,2024-04-17 02:03:00
743,2024-04-17 06:58:00
744,2024-04-17 06:16:00
745,2024-04-17 11:21:00
746,2024-04-17 11:44:00
747,2024-04-17 12:08:00
748,2024-04-17 17:12:00
749,2024-04-17 02:44:00
750,2024-04-17 08:42:00
751,2024-04-17 09:24:00
752,2024-04-17 15:35:00
753,2024-04-17 00:27:00
754,2024-04-17 14:12:00
755,2024-04-17 14:58:00
756,2024-04-17 15:29:00
757,2024-04-17 20:11:00
758,2024-04-17 00:26:00
759,2024-04-17 08:18:00
760,2024-04-17 16:31:00
761,2024-04-17 17:59:00
762,2024-04-17 15:21:00
763,2024-04-17 22:45:00
764,2024-04-17 07:55:00
765,2024-04-17 08:22:00
766,2024-04-17 13:17:00
767,2024-04-17 17:07:00
768,2024-04-17 00:23:00
769,2024-04-17 20:04:00
770,2024-04-17 22:25:00
771,2024-04-17 16:35:00
772,2024-04-17 09:42:00
773,2024-04-17 11:19:00
774,2024-04-17 13:14:00
775,2024-04-17 18:39:00
776,2024-04-17 20:37:00
777,2024-04-17 19:51:00
778,2024-04-17 09:08:00
779,2024-04-17 07:08:00
780,2024-04-17 11:34:00
781,2024-04-17 11:54:00
782,2024-04-17 13:36:00
783,2024-04-17 06:35:00
784,2024-04-17 10:54:00
785,2024-04-17 10:59:00
786,2024-04-17 16:48:00
787,2024-04-17 23:16:00
788,2024-04-17 21:39:00
789,2024-04-17 15:26:00
790,2024-04-17 03:04:00
791,2024-04-17 04:32:00
792,2024-04-17 07:44:00
793,2024-04-17 06:31:00
794,2024-04-17 14:59:00
795,2024-04-17 14:21:00
796,2024-04-17 16:38:00
797,2024-04-17 21:16:00
798,2024-04-17 22:51:00
799,2024-04-17 01:19:00
800,2024-04-17 02:04:00
801,2024-04-17 01:37:00
802,2024-04-17 01:49:00
803,2024-04-17 02:57:00
804,2024-04-17 01:46:00
805,2024-04-17 07:03:00
806,2024-04-17 16:14:00
807,2024-04-17 05:40:00
808,2024-04-17 21:56:00
809,2024-04-17 12:35:00
810,2024-04-17 11:43:00
811,2024-04-17 11:52:00
812,2024-04-17 13:01:00
813,2024-04-17 14:08:00
814,2024-04-17 19:14:00
815,2024-04-17 23:45:00
816,2024-04-17 04:07:00
817,2024-04-17 05:53:00
818,2024-04-17 11:04:00
819,2024-04-17 13:32:00
820,2024-04-17 14:14:00
821,2024-04-17 15:06:00
822,2024-04-17 04:05:00
823,2024-04-17 13:29:00
824,2024-04-17 14:07:00
825,2024-04-17 20:12:00
826,2024-04-17 22:48:00
827,2024-04-17 13:58:00
828,2024-04-17 00:48:00
829,2024-04-17 02:01:00
830,2024-04-17 08:38:00
831,2024-04-17 08:08:00
832,2024-04-17 22:07:00
833,2024-04-17 18:56:00
834,2024-04-17 00:17:00
835,2024-04-17 22:33:00
836,2024-04-17 23:25:00
837,2024-04-17 01:32:00
838,2024-04-17 03:09:00
839,2024-04-17 05:03:00
840,2024-04-17 05:38:00
841,2024-04-17 09:13:00
842,2024-04-17 10:57:00
843,2024-04-17 22:12:00
844,2024-04-17 05:37:00
845,2024-04-17 11:01:00
846,2024-04-17 13:09:00
847,2024-04-17 19:57:00
848,2024-04-17 21:11:00
849,2024-04-17 20:09:00
850,2024-04-17 23:15:00
851,2024-04-17 01:26:00
852,2024-04-17 12:03:00
853,2024-04-17 14:05:00
854,2024-04-17 17:21:00
855,2024-04-17 22:23:00
856,2024-04-17 22:31:00
857,2024-04-17 01:14:00
858,2024-04-17 09:53:00
859,2024-04-17 11:57:00
860,2024-04-17 08:28:00
861,2024-04-17 12:39:00
862,2024-04-17 15:13:00
863,2024-04-17 23:54:00
864,2024-04-17 01:13:00
865,2024-04-17 08:11:00
866,2024-04-17 12:28:00
867,2024-04-17 15:42:00
868,2024-04-17 19:08:00
869,2024-04-17 19:07:00
870,2024-04-17 23:48:00
871,2024-04-17 11:14:00
872,2024-04-17 01:58:00
873,2024-04-17 03:54:00
874,2024-04-17 17:18:00
875,2024-04-17 05:04:00
876,2024-04-17 17:42:00
877,2024-04-17 20:42:00
878,2024-04-17 00:08:00
879,2024-04-17 12:17:00
880,2024-04-17 13:52:00
881,2024-04-17 17:24:00
882,2024-04-17 19:09:00
883,2024-04-17 17:47:00
884,2024-04-17 20:02:00
885,2024-04-17 19:48:00
886,2024-04-17 08:39:00
887,2024-04-17 08:13:00
888,2024-04-17 12:23:00
889,2024-04-17 14:44:00
890,2024-04-17 16:06:00
891,2024-04-17 21:05:00
892,2024-04-17 10:01:00
893,2024-04-17 13:07:00
894,2024-04-17 16:16:00
895,2024-04-17 23:10:00
896,2024-04-17 07:12:00
897,2024-04-17 11:59:00
898,2024-04-17 14:56:00
899,2024-04-17 00:59:00
900,2024-04-17 07:10:00
901,2024-04-17 09:51:00
902,2024-04-17 10:09:00
903,2024-04-17 03:06:00
904,2024-04-17 23:38:00
905,2024-04-17 09:55:00
906,2024-04-17 12:25:00
907,2024-04-17 12:41:00
908,2024-04-17 00:43:00
909,2024-04-17 09:17:00
910,2024-04-17 10:18:00
911,2024-04-17 13:26:00
912,2024-04-17 18:13:00
913,2024-04-17 18:55:00
914,2024-04-17 22:04:00
915,2024-04-17 00:33:00
916,2024-04-17 07:43:00
917,2024-04-17 13:43:00
918,2024-04-17 17:27:00
919,2024-04-17 21:37:00
920,2024-04-17 04:40:00
921,2024-04-17 08:14:00
922,2024-04-17 12:54:00
923,2024-04-17 23:51:00
924,2024-04-17 20:49:00
925,2024-04-17 13:46:00
926,2024-04-17 15:23:00
927,2024-04-17 16:36:00
928,2024-04-17 19:36:00
929,2024-04-17 20:39:00
930,2024-04-17 23:49:00
931,2024-04-17 19:31:00
932,2024-04-17 07:37:00
933,2024-04-17 17:29:00
934,2024-04-17 15:36:00
935,2024-04-17 17:04:00
936,2024-04-17 21:47:00
937,2024-04-17 18:43:00
938,2024-04-17 09:29:00
939,2024-04-17 18:04:00
940,2024-04-17 15:25:00
941,2024-04-17 10:05:00
942,2024-04-17 10:26:00
943,2024-04-17 14:31:00
944,2024-04-17 19:47:00
945,2024-04-17 01:17:00
946,2024-04-17 01:31:00
947,2024-04-17 03:05:00
948,2024-04-17 08:12:00
949,2024-04-17 16:37:00
950,2024-04-17 02:38:00
951,2024-04-17 01:47:00
952,2024-04-17 06:53:00
953,2024-04-17 21:41:00
954,2024-04-17 11:16:00
955,2024-04-17 05:29:00
956,2024-04-17 08:41:00
957,2024-04-17 18:24:00
958,2024-04-17 21:21:00
959,2024-04-17 15:07:00
960,2024-04-17 19:16:00
961,2024-04-17 21:22:00
962,2024-04-17 02:34:00
963,2024-04-17 05:09:00
964,2024-04-17 09:41:00
965,2024-04-17 12:11:00
966,2024-04-17 16:49:00
967,2024-04-17 17:23:00
968,2024-04-17 15:38:00
969,2024-04-17 03:53:00
970,2024-04-17 10:12:00
971,2024-04-17 11:48:00
972,2024-04-17 11:39:00
973,2024-04-17 00:12:00
974,2024-04-17 03:23:00
975,2024-04-17 09:44:00
976,2024-04-17 17:06:00
977,2024-04-17 02:48:00
978,2024-04-17 08:01:00
979,2024-04-17 22:18:00
980,2024-04-17 13:56:00
981,2024-04-17 23:28:00
982,2024-04-17 09:04:00
983,2024-04-17 00:28:00
984,2024-04-17 04:58:00
985,2024-04-17 08:19:00
986,2024-04-17 23:34:00
987,2024-04-17 11:23:00
988,2024-04-17 10:41:00
989,2024-04-17 13:41:00
990,2024-04-17 11:32:00
991,2024-04-17 16:29:00
992,2024-04-17 07:13:00
993,2024-04-17 18:26:00
994,2024-04-17 23:43:00
995,2024-04-17 01:34:00
996,2024-04-17 17:44:00
997,2024-04-17 00:42:00
998,2024-04-17 03:03:00
999,2024-04-17 23:55:00
1000,2024-04-17 00:18:00
1001,2024-04-17 04:24:00
1002,2024-04-17 08:44:00
1003,2024-04-17 19:53:00
1004,2024-04-17 03:10:00
1005,2024-04-17 07:48:00
1006,2024-04-17 23:56:00
1007,2024-04-17 04:21:00
1008,2024-04-17 04:23:00
1009,2024-04-17 09:23:00
1010,2024-04-17 17:49:00
1011,2024-04-17 01:33:00
1012,2024-04-17 16:23:00
1013,2024-04-17 05:36:00
1014,2024-04-17 04:06:00
1015,2024-04-17 05:23:00
1016,2024-04-17 08:32:00
1017,2024-04-17 07:06:00
1018,2024-04-17 02:27:00
1019,2024-04-17 11:29:00
1020,2024-04-17 20:38:00
1021,2024-04-17 11:36:00
1022,2024-04-17 20:13:00
1023,2024-04-17 21:26:00
1024,2024-04-17 21:53:00
1025,2024-04-17 13:02:00
1026,2024-04-17 03:24:00
1027,2024-04-17 15:34:00
1028,2024-04-17 23:18:00
1029,2024-04-17 02:15:00
1030,2024-04-17 06:25:00
1031,2024-04-17 09:21:00
1032,2024-04-17 10:53:00
1033,2024-04-17 13:38:00
1034,2024-04-17 15:19:00
1035,2024-04-17 23:09:00
1036,2024-04-17 07:53:00
1037,2024-04-17 08:37:00
1038,2024-04-17 19:24:00
1039,2024-04-17 14:46:00
1040,2024-04-17 15:31:00
1041,2024-04-17 00:07:00
1042,2024-04-17 00:55:00
1043,2024-04-17 09:03:00
1044,2024-04-17 21:14:00
1045,2024-04-17 01:25:00
1046,2024-04-17 12:44:00
1047,2024-04-17 18:59:00
1048,2024-04-17 09:09:00
1049,2024-04-17 15:56:00
1050,2024-04-17 14:24:00
1051,2024-04-17 20:14:00
1052,2024-04-17 11:56:00
1053,2024-04-17 01:51:00
1054,2024-04-17 11:49:00
1055,2024-04-17 04:52:00
1056,2024-04-17 07:29:00
1057,2024-04-17 07:25:00
1058,2024-04-17 21:44:00
1059,2024-04-17 12:51:00
1060,2024-04-17 16:33:00
1061,2024-04-17 07:36:00
1062,2024-04-17 20:34:00
1063,2024-04-17 21:13:00
1064,2024-04-17 07:34:00
1065,2024-04-17 10:21:00
1066,2024-04-17 23:53:00
1067,2024-04-17 11:22:00
1068,2024-04-17 13:34:00
1069,2024-04-17 17:16:00
1070,2024-04-17 00:58:00
1071,2024-04-17 10:48:00
1072,2024-04-17 18:22:00
1073,2024-04-17 21:07:00
1074,2024-04-17 13:47:00
1075,2024-04-17 16:32:00
1076,2024-04-17 13:27:00
1077,2024-04-17 00:16:00
1078,2024-04-17 10:04:00
1079,2024-04-17 00:29:00
1080,2024-04-17 07:51:00
1081,2024-04-17 10:11:00
1082,2024-04-17 08:06:00
1083,2024-04-17 22:16:00
1084,2024-04-17 03:45:00
1085,2024-04-17 13:13:00
1086,2024-04-17 06:24:00
1087,2024-04-17 23:22:00
1088,2024-04-17 22:35:00
1089,2024-04-17 07:02:00
1090,2024-04-17 23:32:00
1091,2024-04-17 06:55:00
1092,2024-04-17 09:39:00
1093,2024-04-17 08:46:00
1094,2024-04-17 04:35:00
1095,2024-04-17 01:45:00
1096,2024-04-17 06:54:00
1097,2024-04-17 06:46:00
1098,2024-04-17 21:27:00
1099,2024-04-17 02:40:00
1100,2024-04-17 05:28:00
1101,2024-04-17 09:33:00
1102,2024-04-17 04:10:00
1103,2024-04-17 06:32:00
1104,2024-04-17 17:37:00
1105,2024-04-17 21:52:00
1106,2024-04-17 05:25:00
1107,2024-04-17 07:22:00
1108,2024-04-17 03:51:00
1109,2024-04-17 12:36:00
1110,2024-04-17 10:30:42
1111,2024-04-17 07:14:00
1112,2024-04-17 22:21:00
1113,2024-04-17 16:41:00
1114,2024-04-17 19:04:00
1115,2024-04-17 03:26:00
1116,2024-04-17 05:55:00
1117,2024-04-17 07:56:00
1118,2024-04-17 01:09:00
1119,2024-04-17 12:48:00
1120,2024-04-17 14:41:00
1121,2024-04-17 06:07:00
1122,2024-04-17 09:12:00
1123,2024-04-17 11:27:00
1124,2024-04-17 06:29:00
1125,2024-04-17 22:08:00
1126,2024-04-17 06:43:00
1127,2024-04-17 07:46:00
1128,2024-04-17 07:11:00
1129,2024-04-17 02:28:00
1130,2024-04-17 13:31:00
1131,2024-04-17 06:52:00
1132,2024-04-17 16:51:00
1133,2024-04-17 21:09:00
1134,2024-04-17 05:05:00
1135,2024-04-17 12:09:00
1136,2024-04-17 09:06:00
1137,2024-04-17 11:47:00
1138,2024-04-17 15:39:00
1139,2024-04-17 13:06:00
1140,2024-04-17 06:02:00
1141,2024-04-17 20:52:48
1142,2024-04-17 19:22:15
1143,2024-04-17 10:13:00
1144,2024-04-17 04:45:00
1145,2024-04-17 06:03:00
1146,2024-04-17 07:19:00
1147,2024-04-17 08:48:00
1148,2024-04-17 07:47:00
1149,2024-04-17 14:17:00
1150,2024-04-17 14:56:07
1151,2024-04-17 06:56:00
1152,2024-04-17 08:24:00
1153,2024-04-17 11:02:00
1154,2024-04-17 04:16:00
1155,2024-04-17 06:09:00
1156,2024-04-17 03:49:00
1157,2024-04-17 22:56:00
1158,2024-04-17 01:56:11
1159,2024-04-17 06:02:31
1160,2024-04-17 14:06:24
1161,2024-04-17 16:34:51
1162,2024-04-17 19:27:29
1163,2024-04-17 08:26:00
1164,2024-04-17 14:59:59
1165,2024-04-17 22:29:13
1166,2024-04-17 19:00:01
1167,2024-04-17 01:56:00
1168,2024-04-17 12:40:06
1169,2024-04-17 20:47:52
1170,2024-04-17 19:15:15
1171,2024-04-17 03:25:00
1172,2024-04-17 21:28:11
1173,2024-04-17 16:25:37
1174,2024-04-17 13:05:34
1175,2024-04-17 11:11:00
1176,2024-04-17 15:49:00
1177,2024-04-17 02:55:42
1178,2024-04-17 21:45:04
1179,2024-04-17 09:23:51
1180,2024-04-17 19:21:44
1181,2024-04-17 01:22:47
1182,2024-04-17 11:33:14
1183,2024-04-17 18:24:44
1184,2024-04-17 20:00:36
1185,2024-04-17 21:41:47
1186,2024-04-17 17:31:13
1187,2024-04-17 17:22:53
1188,2024-04-17 21:27:22
1189,2024-04-17 18:17:46
1190,2024-04-17 09:01:41
1191,2024-04-17 22:27:29
1192,2024-04-17 00:56:08
1193,2024-04-17 15:59:36
1194,2024-04-17 16:08:07
1195,2024-04-17 23:54:26
1196,2024-04-17 06:27:00
1197,2024-04-17 14:13:25
1198,2024-04-17 10:39:55
1199,2024-04-17 22:18:44
1200,2024-04-17 01:54:00
1201,2024-04-17 17:37:01
1202,2024-04-17 00:47:04
1203,2024-04-17 12:43:02
1204,2024-04-17 13:35:30
1205,2024-04-17 17:00:42
1206,2024-04-17 16:27:00
1207,2024-04-17 07:58:00
1208,2024-04-17 02:54:00
1209,2024-04-17 07:34:27
1210,2024-04-17 18:35:45
1211,2024-04-17 09:31:00
1212,2024-04-17 21:51:00
1213,2024-04-17 03:43:00
1214,2024-04-17 14:36:00
1215,2024-04-17 21:06:00
1216,2024-04-17 12:46:00
1217,2024-04-17 02:55:00
1218,2024-04-17 22:52:00
1219,2024-04-17 08:36:00
1220,2024-04-17 07:32:00
1221,2024-04-17 22:53:00
1222,2024-04-17 07:16:00
1223,2024-04-17 18:41:00
1224,2024-04-17 00:19:00
1225,2024-04-17 18:16:00
1226,2024-04-17 08:49:00
1227,2024-04-17 17:34:00
1228,2024-04-17 21:23:00
1229,2024-04-17 18:49:00
1230,2024-04-17 08:02:00
1231,2024-04-17 18:18:00
1232,2024-04-17 04:33:00
1233,2024-04-17 12:31:00
1234,2024-04-17 08:09:00
1235,2024-04-17 12:42:00
1236,2024-04-17 00:14:00
1237,2024-04-17 15:41:00
1238,2024-04-17 05:12:00
1239,2024-04-17 08:23:00
1240,2024-04-17 21:12:00
1241,2024-04-17 22:44:00
1242,2024-04-17 05:18:00
1243,2024-04-17 16:01:00
1244,2024-04-17 06:33:00
1245,2024-04-17 11:33:00
1246,2024-04-17 07:59:00
1247,2024-04-17 06:38:00
1248,2024-04-17 09:32:00
1249,2024-04-17 23:23:00
1250,2024-04-17 02:52:00
1251,2024-04-17 18:47:00
1252,2024-04-17 09:07:00
1253,2024-04-17 00:25:00
1254,2024-04-17 23:03:00
1255,2024-04-17 00:57:00
1256,2024-04-17 09:22:00
1257,2024-04-17 01:35:00
1258,2024-04-17 21:17:00
1259,2024-04-17 22:13:00
1260,2024-04-17 01:52:00
1261,2024-04-17 21:54:00
1262,2024-04-17 02:21:00
1263,2024-04-17 01:44:00
1264,2024-04-17 08:56:00
1265,2024-04-17 10:29:00
1266,2024-04-17 22:36:00
1267,2024-04-17 16:17:00
1268,2024-04-17 07:41:00
1269,2024-04-17 09:52:00
1270,2024-04-17 14:23:00
1271,2024-04-17 03:57:00
1272,2024-04-17 05:51:00
1273,2024-04-17 10:36:00
1274,2024-04-17 15:28:00
1275,2024-04-17 21:43:00
1276,2024-04-17 22:32:00
1277,2024-04-17 17:57:00
1278,2024-04-17 16:42:00
1279,2024-04-17 08:04:00
1280,2024-04-17 09:49:00
1281,2024-04-17 08:52:00
1282,2024-04-17 02:43:00
1283,2024-04-17 05:14:00
1284,2024-04-17 07:28:00
1285,2024-04-17 00:53:00
1286,2024-04-17 01:04:00
1287,2024-04-17 00:02:00
1288,2024-04-17 23:06:00
1289,2024-04-17 00:47:00
1290,2024-04-17 06:42:00
1291,2024-04-17 06:08:00
1292,2024-04-17 02:11:00
1293,2024-04-17 02:18:00
1294,2024-04-17 04:36:00
1295,2024-04-17 23:39:00
1296,2024-04-17 06:37:00
1297,2024-04-17 02:47:00
1298,2024-04-17 01:36:00
1299,2024-04-17 06:06:00
1300,2024-04-17 05:57:00
1301,2024-04-17 03:36:00
1302,2024-04-17 19:41:00
1303,2024-04-17 09:59:00
1304,2024-04-17 07:52:00
1305,2024-04-17 06:51:00
1306,2024-04-17 21:28:00
1307,2024-04-17 13:12:00
1308,2024-04-17 06:14:00
1309,2024-04-17 21:42:00
1310,2024-04-17 03:55:00
1311,2024-04-17 10:42:00
1312,2024-04-17 03:44:00
1313,2024-04-17 22:46:00
